[{"nombre":"Mesomericana","sede":"Xela","listaAlumnos":[{"Notas":[{"curso":"c1","punteo":10},{"curso":"c2","punteo":20}],"Carne":"3","Nombre":"4","Apellido":"4","Direccion":"4","FechaNacimiento":"2022-03-27T00:00:00"}]},{"nombre":"Landivar","sede":"Xela","listaAlumnos":[{"Notas":[{"curso":"c1","punteo":10},{"curso":"c2","punteo":20},{"curso":"c3","punteo":40}],"Carne":"202158","Nombre":"1","Apellido":"1","Direccion":"1","FechaNacimiento":"2022-05-03T00:00:00"},{"Notas":[{"curso":"c1","punteo":90},{"curso":"c2","punteo":87}],"Carne":"1","Nombre":"2","Apellido":"2","Direccion":"2","FechaNacimiento":"2022-04-16T00:00:00"}]}]